"ASV_id","before_domain","after_domain","before_phylum","after_phylum","before_class","after_class","before_order","after_order","before_family","after_family","before_genus","after_genus","before_species","after_species","match_rank"
"MiFish_0000058","Eukaryota","Eukaryota","Chordata","Chordata","Actinopteri","Actinopteri","Spariformes","Spariformes","Sparidae","Sparidae","Archosargus",NA,"Archosargus rhomboidalis",NA,"family"
"MiFish_0000066","Eukaryota","Eukaryota","Chordata","Chordata","Actinopteri","Actinopteri","Myctophiformes","Myctophiformes","Myctophidae","Myctophidae","Lampanyctus","Lampanyctus","Lampanyctus acanthurus",NA,"genus"
"MiFish_0000091","Eukaryota","Eukaryota","Chordata","Chordata","Actinopteri","Actinopteri","Lutjaniformes","Lutjaniformes","Lutjanidae","Lutjanidae","Lutjanus","Lutjanus","Lutjanus argentimaculatus",NA,"genus"
"MiFish_0000093","Eukaryota","Eukaryota","Chordata","Chordata","Actinopteri","Actinopteri","Lutjaniformes","Lutjaniformes","Haemulidae","Haemulidae","Orthopristis","Orthopristis","Orthopristis chrysoptera",NA,"genus"
"MiFish_0000094","Eukaryota","Eukaryota","Chordata","Chordata","Actinopteri","Actinopteri","Lutjaniformes","Lutjaniformes","Haemulidae","Haemulidae","Orthopristis","Orthopristis","Orthopristis chrysoptera",NA,"genus"
"MiFish_0000103","Eukaryota","Eukaryota","Chordata","Chordata","Actinopteri","Actinopteri","Lutjaniformes","Lutjaniformes","Haemulidae","Haemulidae","Orthopristis","Orthopristis","Orthopristis chrysoptera",NA,"genus"
"MiFish_0000106","Eukaryota","Eukaryota","Chordata","Chordata","Actinopteri","Actinopteri","Lutjaniformes","Lutjaniformes","Haemulidae","Haemulidae","Orthopristis","Orthopristis","Orthopristis chrysoptera",NA,"genus"
"MiFish_0000107","Eukaryota","Eukaryota","Chordata","Chordata","Actinopteri","Actinopteri","Lutjaniformes","Lutjaniformes","Lutjanidae","Lutjanidae","Lutjanus","Lutjanus","Lutjanus argentimaculatus",NA,"genus"
"MiFish_0000108","Eukaryota","Eukaryota","Chordata","Chordata","Actinopteri","Actinopteri","Lutjaniformes","Lutjaniformes","Lutjanidae","Lutjanidae","Lutjanus","Lutjanus","Lutjanus argentimaculatus",NA,"genus"
"MiFish_0000110","Eukaryota","Eukaryota","Chordata","Chordata","Actinopteri","Actinopteri","Lutjaniformes","Lutjaniformes","Haemulidae","Haemulidae","Orthopristis","Orthopristis","Orthopristis chrysoptera",NA,"genus"
"MiFish_0000111","Eukaryota","Eukaryota","Chordata","Chordata","Actinopteri","Actinopteri","Lutjaniformes","Lutjaniformes","Haemulidae","Haemulidae","Orthopristis","Orthopristis","Orthopristis chrysoptera",NA,"genus"
"MiFish_0000112","Eukaryota","Eukaryota","Chordata","Chordata","Actinopteri","Actinopteri","Lutjaniformes","Lutjaniformes","Haemulidae","Haemulidae","Orthopristis","Orthopristis","Orthopristis chrysoptera",NA,"genus"
"MiFish_0000113","Eukaryota","Eukaryota","Chordata","Chordata","Actinopteri","Actinopteri","Lutjaniformes","Lutjaniformes","Haemulidae","Haemulidae","Orthopristis","Orthopristis","Orthopristis chrysoptera",NA,"genus"
"MiFish_0000114","Eukaryota","Eukaryota","Chordata","Chordata","Actinopteri","Actinopteri","Lutjaniformes","Lutjaniformes","Haemulidae","Haemulidae","Orthopristis","Orthopristis","Orthopristis chrysoptera",NA,"genus"
"MiFish_0000117","Eukaryota","Eukaryota","Chordata","Chordata","Actinopteri","Actinopteri","Lutjaniformes","Lutjaniformes","Lutjanidae","Lutjanidae","Lutjanus","Lutjanus","Lutjanus argentimaculatus",NA,"genus"
"MiFish_0000121","Eukaryota","Eukaryota","Chordata","Chordata","Actinopteri","Actinopteri","Lutjaniformes","Lutjaniformes","Haemulidae","Haemulidae","Orthopristis","Orthopristis","Orthopristis chrysoptera",NA,"genus"
"MiFish_0000122","Eukaryota","Eukaryota","Chordata","Chordata","Actinopteri","Actinopteri","Lutjaniformes","Lutjaniformes","Haemulidae","Haemulidae","Orthopristis","Orthopristis","Orthopristis chrysoptera",NA,"genus"
"MiFish_0000126","Eukaryota","Eukaryota","Chordata","Chordata","Actinopteri","Actinopteri","Lutjaniformes","Lutjaniformes","Lutjanidae","Lutjanidae","Lutjanus","Lutjanus","Lutjanus argentimaculatus",NA,"genus"
"MiFish_0000129","Eukaryota","Eukaryota","Chordata","Chordata","Actinopteri","Actinopteri","Lutjaniformes","Lutjaniformes","Haemulidae","Haemulidae","Orthopristis","Orthopristis","Orthopristis chrysoptera",NA,"genus"
"MiFish_0000131","Eukaryota","Eukaryota","Chordata","Chordata","Actinopteri","Actinopteri","Lutjaniformes","Lutjaniformes","Lutjanidae","Lutjanidae","Lutjanus","Lutjanus","Lutjanus argentimaculatus",NA,"genus"
"MiFish_0000134","Eukaryota","Eukaryota","Chordata","Chordata","Actinopteri","Actinopteri","Lutjaniformes","Lutjaniformes","Lutjanidae","Lutjanidae","Lutjanus","Lutjanus","Lutjanus argentimaculatus",NA,"genus"
"MiFish_0000157","Eukaryota","Eukaryota","Chordata","Chordata","Actinopteri","Actinopteri","Perciformes","Perciformes","Serranidae","Serranidae","Mycteroperca","Mycteroperca","Mycteroperca bonaci",NA,"genus"
"MiFish_0000158","Eukaryota","Eukaryota","Chordata","Chordata","Actinopteri","Actinopteri","Perciformes","Perciformes","Serranidae","Serranidae","Mycteroperca","Mycteroperca","Mycteroperca bonaci",NA,"genus"
"MiFish_0000160","Eukaryota","Eukaryota","Chordata","Chordata","Actinopteri","Actinopteri","Perciformes","Perciformes","Serranidae","Serranidae","Mycteroperca","Mycteroperca","Mycteroperca bonaci",NA,"genus"
"MiFish_0000161","Eukaryota","Eukaryota","Chordata","Chordata","Actinopteri","Actinopteri","Perciformes","Perciformes","Serranidae","Serranidae","Mycteroperca","Mycteroperca","Mycteroperca bonaci",NA,"genus"
"MiFish_0000164","Eukaryota","Eukaryota","Chordata","Chordata","Actinopteri","Actinopteri","Perciformes","Perciformes","Serranidae","Serranidae","Mycteroperca","Mycteroperca","Mycteroperca bonaci",NA,"genus"
"MiFish_0000206","Eukaryota","Eukaryota","Chordata","Chordata","Actinopteri","Actinopteri","Scombriformes","Scombriformes","Scombridae","Scombridae","Euthynnus","Euthynnus","Euthynnus affinis",NA,"genus"
"MiFish_0000218","Eukaryota","Eukaryota","Chordata","Chordata","Actinopteri","Actinopteri","Lutjaniformes","Lutjaniformes","Haemulidae","Haemulidae","Haemulon","Haemulon","Haemulon plumierii",NA,"genus"
"MiFish_0000221","Eukaryota","Eukaryota","Chordata","Chordata","Actinopteri","Actinopteri","Perciformes","Perciformes","Serranidae","Serranidae","Epinephelus","Epinephelus","Epinephelus bontoides",NA,"genus"
"MiFish_0000223","Eukaryota","Eukaryota","Chordata","Chordata","Actinopteri","Actinopteri","Gerreiformes","Gerreiformes","Gerreidae","Gerreidae","Eucinostomus","Eucinostomus","Eucinostomus melanopterus",NA,"genus"
"MiFish_0000234","Eukaryota","Eukaryota","Chordata","Chordata","Actinopteri","Actinopteri","Perciformes","Perciformes","Scorpaenidae","Scorpaenidae","Pontinus","Pontinus","Pontinus macrocephalus",NA,"genus"
"MiFish_0000237","Eukaryota","Eukaryota","Chordata","Chordata","Actinopteri","Actinopteri","Gerreiformes","Gerreiformes","Gerreidae","Gerreidae","Eucinostomus","Eucinostomus","Eucinostomus melanopterus",NA,"genus"
"MiFish_0000249","Eukaryota","Eukaryota","Chordata","Chordata","Actinopteri","Actinopteri","Lutjaniformes","Lutjaniformes","Haemulidae","Haemulidae","Conodon",NA,"Conodon nobilis",NA,"family"
"MiFish_0000252","Eukaryota","Eukaryota","Chordata","Chordata","Actinopteri","Actinopteri","Clupeiformes","Clupeiformes","Clupeidae","Clupeidae","Dorosoma",NA,"Dorosoma cepedianum",NA,"family"
"MiFish_0000273","Eukaryota","Eukaryota","Chordata","Chordata","Actinopteri","Actinopteri","Gerreiformes","Gerreiformes","Gerreidae","Gerreidae","Eucinostomus","Eucinostomus","Eucinostomus melanopterus",NA,"genus"
"MiFish_0000284","Eukaryota","Eukaryota","Chordata","Chordata","Actinopteri","Actinopteri","Gerreiformes","Gerreiformes","Gerreidae","Gerreidae","Eucinostomus","Eucinostomus","Eucinostomus melanopterus",NA,"genus"
"MiFish_0000295","Eukaryota","Eukaryota","Chordata","Chordata","Actinopteri","Actinopteri","Perciformes","Perciformes","Scorpaenidae","Scorpaenidae","Pontinus","Pontinus","Pontinus macrocephalus",NA,"genus"
"MiFish_0000299","Eukaryota","Eukaryota","Chordata","Chordata","Actinopteri","Actinopteri","Gerreiformes","Gerreiformes","Gerreidae","Gerreidae","Eucinostomus","Eucinostomus","Eucinostomus melanopterus",NA,"genus"
"MiFish_0000319","Eukaryota","Eukaryota","Chordata","Chordata","Actinopteri","Actinopteri","Gerreiformes","Gerreiformes","Gerreidae","Gerreidae","Eucinostomus","Eucinostomus","Eucinostomus melanopterus",NA,"genus"
"MiFish_0000320","Eukaryota","Eukaryota","Chordata","Chordata","Actinopteri","Actinopteri","Gerreiformes","Gerreiformes","Gerreidae","Gerreidae","Eucinostomus","Eucinostomus","Eucinostomus melanopterus",NA,"genus"
"MiFish_0000324","Eukaryota","Eukaryota","Chordata","Chordata","Actinopteri","Actinopteri","Carangiformes","Carangiformes","Carangidae","Carangidae","Caranx","Caranx","Caranx crysos",NA,"genus"
"MiFish_0000329","Eukaryota","Eukaryota","Chordata","Chordata","Actinopteri","Actinopteri","Perciformes","Perciformes","Serranidae","Serranidae","Mycteroperca","Mycteroperca","Mycteroperca bonaci",NA,"genus"
"MiFish_0000338","Eukaryota","Eukaryota","Chordata","Chordata","Actinopteri","Actinopteri","Gerreiformes","Gerreiformes","Gerreidae","Gerreidae","Eucinostomus","Eucinostomus","Eucinostomus melanopterus",NA,"genus"
"MiFish_0000341","Eukaryota","Eukaryota","Chordata","Chordata","Actinopteri","Actinopteri","Perciformes","Perciformes","Serranidae","Serranidae","Mycteroperca","Mycteroperca","Mycteroperca bonaci",NA,"genus"
"MiFish_0000345","Eukaryota","Eukaryota","Chordata","Chordata","Actinopteri","Actinopteri","Lutjaniformes","Lutjaniformes","Lutjanidae","Lutjanidae","Lutjanus","Lutjanus","Lutjanus argentimaculatus",NA,"genus"
"MiFish_0000358","Eukaryota","Eukaryota","Chordata","Chordata","Actinopteri","Actinopteri","Gerreiformes","Gerreiformes","Gerreidae","Gerreidae","Eucinostomus","Eucinostomus","Eucinostomus melanopterus",NA,"genus"
"MiFish_0000369","Eukaryota","Eukaryota","Chordata","Chordata","Actinopteri","Actinopteri","Gerreiformes","Gerreiformes","Gerreidae","Gerreidae","Eucinostomus","Eucinostomus","Eucinostomus melanopterus",NA,"genus"
"MiFish_0000402","Eukaryota","Eukaryota","Chordata","Chordata","Actinopteri","Actinopteri","Gerreiformes","Gerreiformes","Gerreidae","Gerreidae","Eucinostomus","Eucinostomus","Eucinostomus melanopterus",NA,"genus"
"MiFish_0000417","Eukaryota","Eukaryota","Chordata","Chordata","Actinopteri","Actinopteri","Perciformes","Perciformes","Serranidae","Serranidae","Epinephelus","Epinephelus","Epinephelus bontoides",NA,"genus"
"MiFish_0000478","Eukaryota","Eukaryota","Chordata","Chordata","Actinopteri","Actinopteri","Spariformes","Spariformes","Sparidae","Sparidae","Archosargus",NA,"Archosargus rhomboidalis",NA,"family"
"MiFish_0000488","Eukaryota","Eukaryota","Chordata","Chordata","Actinopteri","Actinopteri","Perciformes","Perciformes","Serranidae","Serranidae","Epinephelus","Epinephelus","Epinephelus bontoides",NA,"genus"
"MiFish_0000507","Eukaryota","Eukaryota","Chordata","Chordata","Actinopteri","Actinopteri","Lutjaniformes","Lutjaniformes","Haemulidae","Haemulidae","Orthopristis","Orthopristis","Orthopristis chrysoptera",NA,"genus"
"MiFish_0000509","Eukaryota","Eukaryota","Chordata","Chordata","Actinopteri","Actinopteri","Perciformes","Perciformes","Serranidae","Serranidae","Hyporthodus","Hyporthodus","Hyporthodus octofasciatus",NA,"genus"
"MiFish_0000517","Eukaryota","Eukaryota","Chordata","Chordata","Actinopteri","Actinopteri","Spariformes","Spariformes","Sparidae","Sparidae","Archosargus",NA,"Archosargus rhomboidalis",NA,"family"
"MiFish_0000535","Eukaryota","Eukaryota","Chordata","Chordata","Actinopteri","Actinopteri","Gerreiformes","Gerreiformes","Gerreidae","Gerreidae","Eucinostomus","Eucinostomus","Eucinostomus melanopterus",NA,"genus"
"MiFish_0000551","Eukaryota","Eukaryota","Chordata","Chordata","Actinopteri","Actinopteri","Gobiiformes","Gobiiformes","Gobiidae","Gobiidae","Bathygobius","Bathygobius","Bathygobius fuscus",NA,"genus"
"MiFish_0000567","Eukaryota","Eukaryota","Chordata","Chordata","Actinopteri","Actinopteri","Beloniformes","Beloniformes","Hemiramphidae","Hemiramphidae","Hyporhamphus","Hyporhamphus","Hyporhamphus yuri",NA,"genus"
"MiFish_0000571","Eukaryota","Eukaryota","Chordata","Chordata","Actinopteri","Actinopteri","Perciformes","Perciformes","Serranidae","Serranidae","Cephalopholis","Cephalopholis","Cephalopholis sexmaculata",NA,"genus"
"MiFish_0000572","Eukaryota","Eukaryota","Chordata","Chordata","Actinopteri","Actinopteri",NA,NA,"Pomacentridae","Pomacentridae","Abudefduf","Abudefduf","Abudefduf taurus",NA,"genus"
"MiFish_0000601","Eukaryota","Eukaryota","Chordata","Chordata","Actinopteri","Actinopteri",NA,NA,"Pomacentridae","Pomacentridae","Abudefduf","Abudefduf","Abudefduf hoefleri",NA,"genus"
"MiFish_0000615","Eukaryota","Eukaryota","Chordata","Chordata","Actinopteri","Actinopteri","Beloniformes","Beloniformes","Hemiramphidae","Hemiramphidae","Hyporhamphus","Hyporhamphus","Hyporhamphus yuri",NA,"genus"
"MiFish_0000622","Eukaryota","Eukaryota","Chordata","Chordata","Actinopteri","Actinopteri","Beloniformes","Beloniformes","Hemiramphidae","Hemiramphidae","Hyporhamphus","Hyporhamphus","Hyporhamphus yuri",NA,"genus"
"MiFish_0000634","Eukaryota","Eukaryota","Chordata","Chordata","Actinopteri","Actinopteri","Perciformes","Perciformes","Serranidae","Serranidae","Epinephelus","Epinephelus","Epinephelus bontoides",NA,"genus"
"MiFish_0000675","Eukaryota","Eukaryota","Chordata","Chordata","Actinopteri","Actinopteri","Perciformes","Perciformes","Serranidae","Serranidae","Mycteroperca","Mycteroperca","Mycteroperca bonaci",NA,"genus"
"MiFish_0000679","Eukaryota","Eukaryota","Chordata","Chordata","Actinopteri","Actinopteri","Perciformes","Perciformes","Scorpaenidae","Scorpaenidae","Pontinus","Pontinus","Pontinus macrocephalus",NA,"genus"
"MiFish_0000689","Eukaryota","Eukaryota","Chordata","Chordata","Actinopteri","Actinopteri","Perciformes","Perciformes","Serranidae","Serranidae","Mycteroperca","Mycteroperca","Mycteroperca bonaci",NA,"genus"
"MiFish_0000705","Eukaryota","Eukaryota","Chordata","Chordata","Actinopteri","Actinopteri","Beloniformes","Beloniformes","Hemiramphidae","Hemiramphidae","Hyporhamphus","Hyporhamphus","Hyporhamphus yuri",NA,"genus"
"MiFish_0000769","Eukaryota","Eukaryota","Chordata","Chordata","Actinopteri","Actinopteri","Spariformes","Spariformes","Sparidae","Sparidae","Archosargus",NA,"Archosargus rhomboidalis",NA,"family"
"MiFish_0000782","Eukaryota","Eukaryota","Chordata","Chordata","Actinopteri","Actinopteri","Gerreiformes","Gerreiformes","Gerreidae","Gerreidae","Eucinostomus","Eucinostomus","Eucinostomus melanopterus",NA,"genus"
"MiFish_0000795","Eukaryota","Eukaryota","Chordata","Chordata","Actinopteri","Actinopteri","Gerreiformes","Gerreiformes","Gerreidae","Gerreidae","Eucinostomus","Eucinostomus","Eucinostomus melanopterus",NA,"genus"
"MiFish_0000801","Eukaryota","Eukaryota","Chordata","Chordata","Actinopteri","Actinopteri","Gerreiformes","Gerreiformes","Gerreidae","Gerreidae","Eucinostomus","Eucinostomus","Eucinostomus melanopterus",NA,"genus"
"MiFish_0000813","Eukaryota","Eukaryota","Chordata","Chordata","Actinopteri","Actinopteri","Blenniiformes","Blenniiformes","Blenniidae","Blenniidae","Plagiotremus","Plagiotremus","Plagiotremus tapeinosoma",NA,"genus"
"MiFish_0000815","Eukaryota","Eukaryota","Chordata","Chordata","Actinopteri","Actinopteri","Blenniiformes","Blenniiformes","Blenniidae","Blenniidae","Plagiotremus","Plagiotremus","Plagiotremus tapeinosoma",NA,"genus"
"MiFish_0000826","Eukaryota","Eukaryota","Chordata","Chordata","Actinopteri","Actinopteri","Perciformes","Perciformes","Serranidae","Serranidae","Mycteroperca","Mycteroperca","Mycteroperca bonaci",NA,"genus"
"MiFish_0000838","Eukaryota","Eukaryota","Chordata","Chordata","Actinopteri","Actinopteri","Lutjaniformes","Lutjaniformes","Haemulidae","Haemulidae","Orthopristis","Orthopristis","Orthopristis chrysoptera",NA,"genus"
"MiFish_0000865","Eukaryota","Eukaryota","Chordata","Chordata","Actinopteri","Actinopteri","Syngnathiformes","Syngnathiformes","Mullidae","Mullidae","Mulloidichthys","Mulloidichthys","Mulloidichthys vanicolensis",NA,"genus"
"MiFish_0000866","Eukaryota","Eukaryota","Chordata","Chordata","Actinopteri","Actinopteri","Tetraodontiformes","Tetraodontiformes","Tetraodontidae","Tetraodontidae","Sphoeroides","Sphoeroides","Sphoeroides parvus",NA,"genus"
"MiFish_0000884","Eukaryota","Eukaryota","Chordata","Chordata","Actinopteri","Actinopteri","Gerreiformes","Gerreiformes","Gerreidae","Gerreidae","Eucinostomus","Eucinostomus","Eucinostomus melanopterus",NA,"genus"
"MiFish_0000889","Eukaryota","Eukaryota","Chordata","Chordata","Actinopteri","Actinopteri","Pleuronectiformes","Pleuronectiformes","Bothidae","Bothidae","Bothus","Bothus","Bothus robinsi",NA,"genus"
"MiFish_0000901","Eukaryota","Eukaryota","Chordata","Chordata","Actinopteri","Actinopteri",NA,NA,"Pomacentridae","Pomacentridae","Abudefduf","Abudefduf","Abudefduf taurus",NA,"genus"
"MiFish_0000919","Eukaryota","Eukaryota","Chordata","Chordata","Actinopteri","Actinopteri",NA,NA,"Pomacentridae","Pomacentridae","Abudefduf","Abudefduf","Abudefduf taurus",NA,"genus"
"MiFish_0000935","Eukaryota","Eukaryota","Chordata","Chordata","Actinopteri","Actinopteri","Lutjaniformes","Lutjaniformes","Lutjanidae","Lutjanidae","Lutjanus","Lutjanus","Lutjanus argentimaculatus",NA,"genus"
"MiFish_0000937","Eukaryota","Eukaryota","Chordata","Chordata","Actinopteri","Actinopteri","Spariformes","Spariformes","Sparidae","Sparidae","Archosargus",NA,"Archosargus rhomboidalis",NA,"family"
"MiFish_0000945","Eukaryota","Eukaryota","Chordata","Chordata","Actinopteri","Actinopteri","Perciformes","Perciformes","Serranidae","Serranidae","Epinephelus","Epinephelus","Epinephelus bontoides",NA,"genus"
"MiFish_0000947","Eukaryota","Eukaryota","Chordata","Chordata","Actinopteri","Actinopteri","Lutjaniformes","Lutjaniformes","Lutjanidae","Lutjanidae","Lutjanus","Lutjanus","Lutjanus argentimaculatus",NA,"genus"
"MiFish_0000952","Eukaryota","Eukaryota","Chordata","Chordata","Actinopteri","Actinopteri","Acanthuriformes","Acanthuriformes","Acanthuridae","Acanthuridae","Prionurus","Prionurus","Prionurus biafraensis",NA,"genus"
"MiFish_0001019","Eukaryota","Eukaryota","Chordata","Chordata","Actinopteri","Actinopteri","Lutjaniformes","Lutjaniformes","Lutjanidae","Lutjanidae","Lutjanus","Lutjanus","Lutjanus argentimaculatus",NA,"genus"
"MiFish_0001021","Eukaryota","Eukaryota","Chordata","Chordata","Actinopteri","Actinopteri","Perciformes","Perciformes","Serranidae","Serranidae","Epinephelus","Epinephelus","Epinephelus bontoides",NA,"genus"
"MiFish_0001029","Eukaryota","Eukaryota","Chordata","Chordata","Actinopteri","Actinopteri","Lutjaniformes","Lutjaniformes","Haemulidae","Haemulidae","Haemulon","Haemulon","Haemulon plumierii",NA,"genus"
"MiFish_0001046","Eukaryota","Eukaryota","Chordata","Chordata","Actinopteri","Actinopteri","Perciformes","Perciformes","Serranidae","Serranidae","Hyporthodus","Hyporthodus","Hyporthodus octofasciatus",NA,"genus"
"MiFish_0001050","Eukaryota","Eukaryota","Chordata","Chordata","Actinopteri","Actinopteri","Perciformes","Perciformes","Scorpaenidae","Scorpaenidae","Pontinus","Pontinus","Pontinus macrocephalus",NA,"genus"
"MiFish_0001051","Eukaryota","Eukaryota","Chordata","Chordata","Actinopteri","Actinopteri","Pleuronectiformes","Pleuronectiformes","Bothidae","Bothidae","Bothus","Bothus","Bothus robinsi",NA,"genus"
"MiFish_0001065","Eukaryota","Eukaryota","Chordata","Chordata","Actinopteri","Actinopteri","Perciformes","Perciformes","Serranidae","Serranidae","Mycteroperca","Mycteroperca","Mycteroperca bonaci",NA,"genus"
"MiFish_0001073","Eukaryota","Eukaryota","Chordata","Chordata","Actinopteri","Actinopteri","Lutjaniformes","Lutjaniformes","Haemulidae","Haemulidae","Orthopristis","Orthopristis","Orthopristis chrysoptera",NA,"genus"
"MiFish_0001089","Eukaryota","Eukaryota","Chordata","Chordata","Actinopteri","Actinopteri","Gerreiformes","Gerreiformes","Gerreidae","Gerreidae","Eucinostomus","Eucinostomus","Eucinostomus melanopterus",NA,"genus"
"MiFish_0001096","Eukaryota","Eukaryota","Chordata","Chordata","Actinopteri","Actinopteri","Gerreiformes","Gerreiformes","Gerreidae","Gerreidae","Eucinostomus","Eucinostomus","Eucinostomus melanopterus",NA,"genus"
"MiFish_0001145","Eukaryota","Eukaryota","Chordata","Chordata","Actinopteri","Actinopteri","Scombriformes","Scombriformes","Nomeidae","Nomeidae","Cubiceps","Cubiceps","Cubiceps squamiceps",NA,"genus"
"MiFish_0001149","Eukaryota","Eukaryota","Chordata","Chordata","Actinopteri","Actinopteri","Anguilliformes","Anguilliformes","Muraenidae","Muraenidae","Enchelycore","Enchelycore","Enchelycore nigricans",NA,"genus"
"MiFish_0001152","Eukaryota","Eukaryota","Chordata","Chordata","Actinopteri","Actinopteri","Lutjaniformes","Lutjaniformes","Haemulidae","Haemulidae","Orthopristis","Orthopristis","Orthopristis chrysoptera",NA,"genus"
"MiFish_0001155","Eukaryota","Eukaryota","Chordata","Chordata","Actinopteri","Actinopteri","Spariformes","Spariformes","Sparidae","Sparidae","Archosargus",NA,"Archosargus rhomboidalis",NA,"family"
"MiFish_0001166","Eukaryota","Eukaryota","Chordata","Chordata","Actinopteri","Actinopteri","Perciformes","Perciformes","Serranidae","Serranidae","Epinephelus","Epinephelus","Epinephelus bontoides",NA,"genus"
"MiFish_0001168","Eukaryota","Eukaryota","Chordata","Chordata","Actinopteri","Actinopteri",NA,NA,"Pomacentridae","Pomacentridae","Abudefduf","Abudefduf","Abudefduf taurus",NA,"genus"
"MiFish_0001173","Eukaryota","Eukaryota","Chordata","Chordata","Actinopteri","Actinopteri",NA,NA,"Pomacentridae","Pomacentridae","Stegastes","Stegastes","Stegastes rectifraenum",NA,"genus"
"MiFish_0001177","Eukaryota","Eukaryota","Chordata","Chordata","Actinopteri","Actinopteri","Gobiiformes","Gobiiformes","Gobiidae","Gobiidae","Microdesmus","Microdesmus","Microdesmus longipinnis",NA,"genus"
"MiFish_0001179","Eukaryota","Eukaryota","Chordata","Chordata","Actinopteri","Actinopteri","Spariformes","Spariformes","Sparidae","Sparidae","Archosargus",NA,"Archosargus rhomboidalis",NA,"family"
"MiFish_0001188","Eukaryota","Eukaryota","Chordata","Chordata","Actinopteri","Actinopteri","Pleuronectiformes","Pleuronectiformes","Bothidae","Bothidae","Bothus","Bothus","Bothus robinsi",NA,"genus"
"MiFish_0001190","Eukaryota","Eukaryota","Chordata","Chordata","Actinopteri","Actinopteri","Pleuronectiformes","Pleuronectiformes","Bothidae","Bothidae","Bothus","Bothus","Bothus robinsi",NA,"genus"
"MiFish_0001192","Eukaryota","Eukaryota","Chordata","Chordata","Actinopteri","Actinopteri","Beloniformes","Beloniformes","Hemiramphidae","Hemiramphidae","Hyporhamphus","Hyporhamphus","Hyporhamphus yuri",NA,"genus"
"MiFish_0001194","Eukaryota","Eukaryota","Chordata","Chordata","Actinopteri","Actinopteri",NA,NA,"Pomacentridae","Pomacentridae","Abudefduf","Abudefduf","Abudefduf taurus",NA,"genus"
"MiFish_0001196","Eukaryota","Eukaryota","Chordata","Chordata","Actinopteri","Actinopteri","Carangiformes","Carangiformes","Carangidae","Carangidae","Caranx","Caranx","Caranx crysos",NA,"genus"
"MiFish_0001201","Eukaryota","Eukaryota","Chordata","Chordata","Actinopteri","Actinopteri","Beloniformes","Beloniformes","Belonidae","Belonidae","Platybelone",NA,"Platybelone argala",NA,"family"
"MiFish_0001232","Eukaryota","Eukaryota","Chordata","Chordata","Actinopteri","Actinopteri",NA,NA,"Pomacentridae","Pomacentridae","Stegastes","Stegastes","Stegastes rectifraenum",NA,"genus"
"MiFish_0001233","Eukaryota","Eukaryota","Chordata","Chordata","Actinopteri","Actinopteri",NA,NA,"Pomacentridae","Pomacentridae","Abudefduf","Abudefduf","Abudefduf taurus",NA,"genus"
"MiFish_0001234","Eukaryota","Eukaryota","Chordata","Chordata","Actinopteri","Actinopteri",NA,NA,"Pomacentridae","Pomacentridae","Abudefduf","Abudefduf","Abudefduf taurus",NA,"genus"
"MiFish_0001243","Eukaryota","Eukaryota","Chordata","Chordata","Actinopteri","Actinopteri","Beloniformes","Beloniformes","Hemiramphidae","Hemiramphidae","Hyporhamphus","Hyporhamphus","Hyporhamphus yuri",NA,"genus"
"MiFish_0001268","Eukaryota","Eukaryota","Chordata","Chordata","Actinopteri","Actinopteri","Lutjaniformes","Lutjaniformes","Haemulidae","Haemulidae","Orthopristis","Orthopristis","Orthopristis chrysoptera",NA,"genus"
"MiFish_0001278","Eukaryota","Eukaryota","Chordata","Chordata","Actinopteri","Actinopteri","Lutjaniformes","Lutjaniformes","Haemulidae","Haemulidae","Orthopristis","Orthopristis","Orthopristis chrysoptera",NA,"genus"
"MiFish_0001293","Eukaryota","Eukaryota","Chordata","Chordata","Actinopteri","Actinopteri","Perciformes","Perciformes","Serranidae","Serranidae","Epinephelus","Epinephelus","Epinephelus bontoides",NA,"genus"
"MiFish_0001298","Eukaryota","Eukaryota","Chordata","Chordata","Actinopteri","Actinopteri","Lutjaniformes","Lutjaniformes","Haemulidae","Haemulidae","Orthopristis","Orthopristis","Orthopristis chrysoptera",NA,"genus"
"MiFish_0001314","Eukaryota","Eukaryota","Chordata","Chordata","Actinopteri","Actinopteri","Lutjaniformes","Lutjaniformes","Lutjanidae","Lutjanidae","Lutjanus","Lutjanus","Lutjanus argentimaculatus",NA,"genus"
"MiFish_0001323","Eukaryota","Eukaryota","Chordata","Chordata","Actinopteri","Actinopteri","Perciformes","Perciformes","Serranidae","Serranidae","Epinephelus","Epinephelus","Epinephelus bontoides",NA,"genus"
"MiFish_0001326","Eukaryota","Eukaryota","Chordata","Chordata","Actinopteri","Actinopteri","Perciformes","Perciformes","Serranidae","Serranidae","Epinephelus","Epinephelus","Epinephelus bontoides",NA,"genus"
"MiFish_0001352","Eukaryota","Eukaryota","Chordata","Chordata","Actinopteri","Actinopteri","Perciformes","Perciformes","Scorpaenidae","Scorpaenidae","Pontinus","Pontinus","Pontinus macrocephalus",NA,"genus"
"MiFish_0001379","Eukaryota","Eukaryota","Chordata","Chordata","Actinopteri","Actinopteri","Perciformes","Perciformes","Scorpaenidae","Scorpaenidae","Pontinus","Pontinus","Pontinus macrocephalus",NA,"genus"
"MiFish_0001385","Eukaryota","Eukaryota","Chordata","Chordata","Actinopteri","Actinopteri","Pleuronectiformes","Pleuronectiformes","Achiridae","Achiridae","Achirus",NA,"Achirus lineatus",NA,"family"
"MiFish_0001399","Eukaryota","Eukaryota","Chordata","Chordata","Actinopteri","Actinopteri","Clupeiformes","Clupeiformes","Engraulidae","Engraulidae","Anchoa","Anchoa","Anchoa hepsetus",NA,"genus"
"MiFish_0001434","Eukaryota","Eukaryota","Chordata","Chordata","Actinopteri","Actinopteri","Lutjaniformes","Lutjaniformes","Haemulidae","Haemulidae","Orthopristis","Orthopristis","Orthopristis chrysoptera",NA,"genus"
